maint_id,machine,maint_date,type,downtime_hours,notes
9001,M-03,2024-01-01,Corrective,5,Vibration abnormal
9002,M-02,2024-01-28,Corrective,5,Vibration abnormal
9003,M-02,2024-01-27,Corrective,5,Vibration abnormal
9004,M-03,2024-01-15,Corrective,5,Vibration abnormal
9005,M-02,2024-01-06,Corrective,7,Oil change
9006,M-03,2024-01-09,Preventive,8,Temperature spike
9007,M-02,2024-01-21,Corrective,8,Bearing replaced
9008,M-02,2024-01-02,Corrective,2,Vibration abnormal
9009,M-03,2024-01-01,Preventive,4,Routine check
9010,M-02,2024-01-02,Preventive,1,Temperature spike
9011,M-01,2024-01-19,Preventive,6,Vibration abnormal
9012,M-03,2024-01-06,Corrective,8,Vibration abnormal
9013,M-02,2024-01-05,Corrective,2,Temperature spike
9014,M-02,2024-01-26,Preventive,5,Vibration abnormal
9015,M-01,2024-01-10,Corrective,3,Vibration abnormal
9016,M-02,2024-01-06,Corrective,4,Vibration abnormal
9017,M-02,2024-01-11,Preventive,5,Vibration abnormal
9018,M-02,2024-01-03,Preventive,4,Routine check
9019,M-02,2024-01-09,Corrective,8,Temperature spike
9020,M-03,2024-01-18,Preventive,7,Routine check
9021,M-02,2024-01-27,Preventive,6,Temperature spike
9022,M-02,2024-01-04,Preventive,1,Oil change
9023,M-01,2024-01-14,Preventive,2,Routine check
9024,M-02,2024-01-11,Preventive,1,Oil change
9025,M-02,2024-01-05,Corrective,1,Bearing replaced
9026,M-03,2024-01-15,Preventive,4,Vibration abnormal
9027,M-02,2024-01-03,Corrective,7,Routine check
9028,M-02,2024-01-15,Corrective,3,Oil change
9029,M-01,2024-01-27,Corrective,8,Temperature spike
9030,M-03,2024-01-19,Preventive,1,Routine check
